Date,Magasin,Produit,Quantit√© vendue,Prix unitaire
2022-01-01 00:00:00.000000000,Magasin_5,Produit_1,103,12.44
2022-01-08 08:43:38.181818181,Magasin_3,Produit_4,180,5.7
2022-01-15 17:27:16.363636363,Magasin_4,Produit_5,93,24.05
2022-01-23 02:10:54.545454545,Magasin_4,Produit_7,15,22.77
2022-01-30 10:54:32.727272727,Magasin_3,Produit_1,107,18.21
2022-02-06 19:38:10.909090909,Magasin_4,Produit_3,72,5.63
2022-02-14 04:21:49.090909091,Magasin_3,Produit_2,189,13.95
2022-02-21 13:05:27.272727273,Magasin_2,Produit_9,21,37.01
2022-02-28 21:49:05.454545455,Magasin_3,Produit_10,103,40.56
2022-03-08 06:32:43.636363637,Magasin_3,Produit_6,122,32.27
2022-03-15 15:16:21.818181819,Magasin_4,Produit_10,75,46.68
2022-03-23 00:00:00.000000001,Magasin_4,Produit_3,88,34.3
2022-03-30 08:43:38.181818182,Magasin_1,Produit_8,117,46.17
2022-04-06 17:27:16.363636364,Magasin_1,Produit_8,100,43.25
2022-04-14 02:10:54.545454546,Magasin_2,Produit_2,104,25.23
2022-04-21 10:54:32.727272728,Magasin_1,Produit_6,152,9.29
2022-04-28 19:38:10.909090910,Magasin_3,Produit_7,131,21.69
2022-05-06 04:21:49.090909092,Magasin_4,Produit_2,150,35.1
2022-05-13 13:05:27.272727274,Magasin_1,Produit_10,53,34.97
2022-05-20 21:49:05.454545456,Magasin_1,Produit_2,2,31.61
2022-05-28 06:32:43.636363638,Magasin_2,Produit_10,88,17.36
2022-06-04 15:16:21.818181820,Magasin_2,Produit_1,158,30.26
2022-06-12 00:00:00.000000002,Magasin_3,Produit_8,38,22.23
2022-06-19 08:43:38.181818184,Magasin_4,Produit_1,130,48.73
2022-06-26 17:27:16.363636364,Magasin_2,Produit_9,192,43.2
2022-07-04 02:10:54.545454546,Magasin_1,Produit_6,188,37.48
2022-07-11 10:54:32.727272728,Magasin_4,Produit_7,21,15.62
2022-07-18 19:38:10.909090910,Magasin_4,Produit_10,161,16.52
2022-07-26 04:21:49.090909092,Magasin_1,Produit_7,58,6.82
2022-08-02 13:05:27.272727276,Magasin_2,Produit_10,22,36.98
2022-08-09 21:49:05.454545456,Magasin_1,Produit_3,89,9.99
2022-08-17 06:32:43.636363640,Magasin_4,Produit_2,49,24.77
2022-08-24 15:16:21.818181820,Magasin_5,Produit_9,59,14.08
2022-09-01 00:00:00.000000000,Magasin_5,Produit_8,170,45.31
2022-09-08 08:43:38.181818184,Magasin_3,Produit_10,188,26.39
2022-09-15 17:27:16.363636364,Magasin_1,Produit_7,15,30.35
2022-09-23 02:10:54.545454548,Magasin_1,Produit_9,190,36.3
2022-09-30 10:54:32.727272728,Magasin_3,Produit_4,190,11.27
2022-10-07 19:38:10.909090912,Magasin_3,Produit_4,175,32.2
2022-10-15 04:21:49.090909092,Magasin_3,Produit_1,190,29.29
2022-10-22 13:05:27.272727276,Magasin_4,Produit_8,51,14.14
2022-10-29 21:49:05.454545456,Magasin_1,Produit_3,108,47.43
2022-11-06 06:32:43.636363640,Magasin_4,Produit_7,55,31.95
2022-11-13 15:16:21.818181820,Magasin_3,Produit_2,64,36.27
2022-11-21 00:00:00.000000004,Magasin_1,Produit_2,131,44.62
2022-11-28 08:43:38.181818184,Magasin_4,Produit_7,51,33.1
2022-12-05 17:27:16.363636368,Magasin_4,Produit_6,135,18.3
2022-12-13 02:10:54.545454548,Magasin_3,Produit_3,21,9.75
2022-12-20 10:54:32.727272728,Magasin_1,Produit_9,73,25.54
2022-12-27 19:38:10.909090912,Magasin_3,Produit_10,167,14.83
2023-01-04 04:21:49.090909092,Magasin_1,Produit_6,18,23.74
2023-01-11 13:05:27.272727276,Magasin_5,Produit_10,132,44.75
2023-01-18 21:49:05.454545456,Magasin_2,Produit_10,89,19.6
2023-01-26 06:32:43.636363640,Magasin_2,Produit_6,60,10.49
2023-02-02 15:16:21.818181820,Magasin_2,Produit_1,14,21.03
2023-02-10 00:00:00.000000004,Magasin_3,Produit_4,9,45.81
2023-02-17 08:43:38.181818184,Magasin_5,Produit_10,90,17.25
2023-02-24 17:27:16.363636368,Magasin_1,Produit_6,53,34.15
2023-03-04 02:10:54.545454552,Magasin_4,Produit_6,130,5.02
2023-03-11 10:54:32.727272728,Magasin_1,Produit_5,84,20.87
2023-03-18 19:38:10.909090912,Magasin_4,Produit_1,92,18.72
2023-03-26 04:21:49.090909096,Magasin_1,Produit_8,111,12.41
2023-04-02 13:05:27.272727280,Magasin_5,Produit_5,188,29.03
2023-04-09 21:49:05.454545456,Magasin_4,Produit_5,199,26.82
2023-04-17 06:32:43.636363640,Magasin_3,Produit_7,172,36.16
2023-04-24 15:16:21.818181824,Magasin_1,Produit_4,8,17.12
2023-05-02 00:00:00.000000000,Magasin_1,Produit_6,175,15.99
2023-05-09 08:43:38.181818184,Magasin_4,Produit_4,35,12.57
2023-05-16 17:27:16.363636368,Magasin_3,Produit_3,81,14.84
2023-05-24 02:10:54.545454552,Magasin_3,Produit_7,164,30.11
2023-05-31 10:54:32.727272728,Magasin_5,Produit_8,50,23.17
2023-06-07 19:38:10.909090912,Magasin_3,Produit_4,104,7.92
2023-06-15 04:21:49.090909096,Magasin_3,Produit_2,132,16.43
2023-06-22 13:05:27.272727280,Magasin_3,Produit_10,2,16.11
2023-06-29 21:49:05.454545456,Magasin_2,Produit_3,134,36.33
2023-07-07 06:32:43.636363640,Magasin_5,Produit_1,54,37.05
2023-07-14 15:16:21.818181824,Magasin_1,Produit_8,106,11.66
2023-07-22 00:00:00.000000008,Magasin_4,Produit_3,4,49.9
2023-07-29 08:43:38.181818184,Magasin_1,Produit_10,54,17.01
2023-08-05 17:27:16.363636368,Magasin_5,Produit_7,191,48.95
2023-08-13 02:10:54.545454552,Magasin_4,Produit_10,146,23.5
2023-08-20 10:54:32.727272728,Magasin_5,Produit_5,44,6.49
2023-08-27 19:38:10.909090912,Magasin_3,Produit_10,162,20.53
2023-09-04 04:21:49.090909096,Magasin_4,Produit_5,190,33.55
2023-09-11 13:05:27.272727280,Magasin_3,Produit_7,14,35.63
2023-09-18 21:49:05.454545456,Magasin_1,Produit_9,95,28.89
2023-09-26 06:32:43.636363640,Magasin_1,Produit_5,48,25.15
2023-10-03 15:16:21.818181824,Magasin_4,Produit_1,15,29.88
2023-10-11 00:00:00.000000008,Magasin_4,Produit_10,190,31.67
2023-10-18 08:43:38.181818184,Magasin_5,Produit_10,40,8.64
2023-10-25 17:27:16.363636368,Magasin_5,Produit_1,82,21.63
2023-11-02 02:10:54.545454552,Magasin_3,Produit_2,111,15.9
2023-11-09 10:54:32.727272736,Magasin_4,Produit_6,53,41.14
2023-11-16 19:38:10.909090912,Magasin_1,Produit_9,24,26.16
2023-11-24 04:21:49.090909096,Magasin_5,Produit_8,154,49.25
2023-12-01 13:05:27.272727280,Magasin_5,Produit_5,188,22.95
2023-12-08 21:49:05.454545456,Magasin_1,Produit_1,124,41.74
2023-12-16 06:32:43.636363640,Magasin_5,Produit_7,41,40.93
2023-12-23 15:16:21.818181824,Magasin_3,Produit_5,157,11.78
2023-12-31 00:00:00.000000000,Magasin_4,Produit_6,15,27.87
